cell_id,n_bins,initial_ploidy,modifier,modifier_value,rpc,fpc,ploidy_result,score,map_ploidy,map_score,viterbi_score,bases_var,reads_var,bases_mean,reads_mean,bases_median,reads_median,bases_min,reads_min,bases_max,reads_max,min_mean_scale,max_mean_scale,reads_mean_scale,bases_mean_scale,means,max_k
Plate232-R04-C05,5127,3.2077238150965477,multiply,1.0,890.5133771129758,405.1858810653046,3.215135556855861,-86673.11632026706,3.2155256485274037,5110.435763882307,5110.313247806727,1229883545.561354,1130506.6206586037,45581.2241076653,2856.5209674273456,36598.0,2750.0,1888.0,681,250223.0,7628,0.8,1.2,1.0,1.0,fixed,12
Plate232-R04-C05,5127,6.415447630193095,multiply,2.0,445.2566885564879,202.5929405326523,6.404134971718354,-85692.77281987459,6.404134971718354,5111.325104153362,5111.2665941014675,1229883545.561354,1130506.6206586037,45581.2241076653,2856.5209674273456,36598.0,2750.0,1888.0,681,250223.0,7628,0.8,1.2,1.0,1.0,fixed,12
Plate232-R04-C05,5127,9.623171445289643,multiply,3.0,296.8377923709919,135.06196035510155,8.896430661205383,-88123.5248265657,8.89877121123464,5107.111377156706,5106.724069453077,1229883545.561354,1130506.6206586037,45581.2241076653,2856.5209674273456,36598.0,2750.0,1888.0,681,250223.0,7628,0.8,1.2,1.0,1.0,fixed,12
Plate232-R04-C05,5127,1.6038619075482738,multiply,0.5,1781.0267542259517,810.3717621306092,1.8096352642871074,-94560.87127668834,1.8100253559586503,5106.01928953435,5105.807184886451,1229883545.561354,1130506.6206586037,45581.2241076653,2856.5209674273456,36598.0,2750.0,1888.0,681,250223.0,7628,0.8,1.2,1.0,1.0,fixed,12
Plate232-R04-C05,5127,1.069241271698849,multiply,0.3333333333333333,2671.540131338928,1215.5576431959141,1.5746050321825629,-99654.83925491993,1.57558026136142,4957.297253390779,4933.421715269058,1229883545.561354,1130506.6206586037,45581.2241076653,2856.5209674273456,36598.0,2750.0,1888.0,681,250223.0,7628,0.8,1.2,1.0,1.0,fixed,12
Plate232-R11-C06,4966,5.331453886427709,multiply,1.0,48.99648738480132,23.44349599637407,5.251711639146194,-63512.88181778012,5.249496576721707,4081.1672854189155,4008.751224585326,731687.5248679136,18193.832653179586,919.4697946033025,261.22251308900525,665.0,238.0,0.0,26,5107.0,748,0.8,1.2,1.0,1.0,fixed,12
Plate232-R11-C06,4966,10.662907772855418,multiply,2.0,24.49824369240066,11.721747998187036,8.98147402335884,-64934.92428807839,8.975030205396697,4461.078132662682,4424.051940512242,731687.5248679136,18193.832653179586,919.4697946033025,261.22251308900525,665.0,238.0,0.0,26,5107.0,748,0.8,1.2,1.0,1.0,fixed,12
Plate232-R11-C06,4966,2.6657269432138544,multiply,0.5,97.99297476960264,46.88699199274814,2.6612968183648813,-64207.332636399944,2.6653242045912204,4590.489369220897,4559.734940399728,731687.5248679136,18193.832653179586,919.4697946033025,261.22251308900525,665.0,238.0,0.0,26,5107.0,748,0.8,1.2,1.0,1.0,fixed,12
Plate232-R11-C06,4966,1.7771512954759028,multiply,0.3333333333333333,146.98946215440398,70.33048798912222,1.8372935964559,-65643.21188060282,1.837494965767217,4773.513562369537,4758.420493277726,731687.5248679136,18193.832653179586,919.4697946033025,261.22251308900525,665.0,238.0,0.0,26,5107.0,748,0.8,1.2,1.0,1.0,fixed,12
Plate232-R11-C06,4966,1.3328634716069272,multiply,0.25,195.98594953920528,93.77398398549629,1.3209826822392268,-66840.24448440119,1.3185662505034232,4751.159547831403,4737.313872802222,731687.5248679136,18193.832653179586,919.4697946033025,261.22251308900525,665.0,238.0,0.0,26,5107.0,748,0.8,1.2,1.0,1.0,fixed,12
Plate232-R11-C06,4966,1.066290777285542,multiply,0.2,244.9824369240066,117.21747998187035,0.9879178413209827,-68158.02362812895,0.9879178413209827,4749.077860868187,4726.936300994841,731687.5248679136,18193.832653179586,919.4697946033025,261.22251308900525,665.0,238.0,0.0,26,5107.0,748,0.8,1.2,1.0,1.0,fixed,12
Plate232-R06-C06,4920,3.167479674796748,multiply,1.0,1067.7386421971253,490.1090862422998,3.1778455284552845,-85954.33036377239,3.1774390243902437,4894.539812819747,4894.399711028922,2964607837.5018616,1637970.6767536115,71884.91524390243,3382.0404471544716,57860.5,3266.0,184.0,464,317553.0,7936,0.8,1.2,1.0,1.0,fixed,12
Plate232-R06-C06,4920,6.334959349593496,multiply,2.0,533.8693210985626,245.0545431211499,6.338211382113821,-84993.25634017619,6.337398373983739,4893.704172081734,4893.5818016120675,2964607837.5018616,1637970.6767536115,71884.91524390243,3382.0404471544716,57860.5,3266.0,184.0,464,317553.0,7936,0.8,1.2,1.0,1.0,fixed,12
Plate232-R06-C06,4920,9.502439024390243,multiply,3.0,355.9128807323751,163.36969541409994,8.960975609756098,-87599.73990148607,8.954268292682928,4844.948333496261,4842.653182987344,2964607837.5018616,1637970.6767536115,71884.91524390243,3382.0404471544716,57860.5,3266.0,184.0,464,317553.0,7936,0.8,1.2,1.0,1.0,fixed,12
Plate232-R06-C06,4920,1.583739837398374,multiply,0.5,2135.4772843942505,980.2181724845996,1.5752032520325203,-93723.16340845526,1.5823170731707317,4715.089985725663,4696.317580132955,2964607837.5018616,1637970.6767536115,71884.91524390243,3382.0404471544716,57860.5,3266.0,184.0,464,317553.0,7936,0.8,1.2,1.0,1.0,fixed,12
Plate232-R06-C06,4920,1.0558265582655826,multiply,0.3333333333333333,3203.215926591376,1470.3272587268996,1.410569105691057,-97389.15972120625,1.409959349593496,4863.662888824518,4861.981369752619,2964607837.5018616,1637970.6767536115,71884.91524390243,3382.0404471544716,57860.5,3266.0,184.0,464,317553.0,7936,0.8,1.2,1.0,1.0,fixed,12
Plate232-R12-C14,5022,3.099561927518917,multiply,1.0,855.3476166002827,398.3368238468457,3.1027479091995223,-83124.6994362936,3.1027479091995223,5015.209860426384,5015.209860426384,1255583905.9085126,1026284.6525069816,47094.16049382716,2651.2029072082837,38394.5,2583.0,1505.0,614,208320.0,6104,0.8,1.2,1.0,1.0,fixed,12
Plate232-R12-C14,5022,6.199123855037834,multiply,2.0,427.67380830014133,199.16841192342284,6.20310633213859,-82066.47924772234,6.20310633213859,5013.729031953026,5013.729031953026,1255583905.9085126,1026284.6525069816,47094.16049382716,2651.2029072082837,38394.5,2583.0,1505.0,614,208320.0,6104,0.8,1.2,1.0,1.0,fixed,12
Plate232-R12-C14,5022,9.29868578255675,multiply,3.0,285.1158722000942,132.7789412822819,8.703703703703704,-85151.34334120688,8.704301075268818,5010.982865010703,5010.622014996365,1255583905.9085126,1026284.6525069816,47094.16049382716,2651.2029072082837,38394.5,2583.0,1505.0,614,208320.0,6104,0.8,1.2,1.0,1.0,fixed,12
Plate232-R12-C14,5022,1.5497809637594584,multiply,0.5,1710.6952332005653,796.6736476936914,1.6983273596176822,-91705.3945727094,1.6991238550378336,5006.562025149689,5006.3316595819615,1255583905.9085126,1026284.6525069816,47094.16049382716,2651.2029072082837,38394.5,2583.0,1505.0,614,208320.0,6104,0.8,1.2,1.0,1.0,fixed,12
Plate232-R12-C14,5022,1.0331873091729722,multiply,0.3333333333333333,2566.042849800848,1195.0104715405373,1.1342094782955,-94341.7936568925,1.132815611310235,4974.420969106187,4972.855126091746,1255583905.9085126,1026284.6525069816,47094.16049382716,2651.2029072082837,38394.5,2583.0,1505.0,614,208320.0,6104,0.8,1.2,1.0,1.0,fixed,12
Plate232-R11-C13,5097,3.2630959387875222,multiply,1.0,988.601911976912,454.8688071188071,3.270747498528546,-87229.67446563946,3.270551304689033,5084.5022455812295,5084.47525468198,3027808472.497969,1542095.957403376,66477.2189523249,3225.9028840494407,50240.0,3055.0,2540.0,764,402691.0,8316,0.8,1.2,1.0,1.0,fixed,12
Plate232-R11-C13,5097,6.5261918775750445,multiply,2.0,494.300955988456,227.43440355940356,6.488130272709437,-86703.2831770394,6.488130272709437,5087.502717260553,5087.502717260553,3027808472.497969,1542095.957403376,66477.2189523249,3225.9028840494407,50240.0,3055.0,2540.0,764,402691.0,8316,0.8,1.2,1.0,1.0,fixed,12
Plate232-R11-C13,5097,9.789287816362567,multiply,3.0,329.53397065897065,151.62293570626903,9.030606238964097,-89673.67493068756,9.031194820482638,5082.009858816244,5081.97816478974,3027808472.497969,1542095.957403376,66477.2189523249,3225.9028840494407,50240.0,3055.0,2540.0,764,402691.0,8316,0.8,1.2,1.0,1.0,fixed,12
Plate232-R11-C13,5097,1.6315479693937611,multiply,0.5,1977.203823953824,909.7376142376143,1.8220521875613105,-95835.62900701238,1.8224445752403375,5082.297673120198,5082.117834546271,3027808472.497969,1542095.957403376,66477.2189523249,3225.9028840494407,50240.0,3055.0,2540.0,764,402691.0,8316,0.8,1.2,1.0,1.0,fixed,12
Plate232-R11-C13,5097,1.0876986462625073,multiply,0.3333333333333333,2965.805735930736,1364.6064213564214,1.23445163821856,-97861.27864571725,1.2366097704532077,4963.853804979993,4956.689878938427,3027808472.497969,1542095.957403376,66477.2189523249,3225.9028840494407,50240.0,3055.0,2540.0,764,402691.0,8316,0.8,1.2,1.0,1.0,fixed,12
Plate232-R03-C13,5061,3.228018178225647,multiply,1.0,895.5026014568158,419.4071738997368,3.2313771981821775,-84603.6027821453,3.2313771981821775,5055.7460980881815,5055.7460980881815,1725811188.2020788,1051006.716498247,58530.128433115984,2890.6986761509584,46836.0,2782.0,1874.0,742,224682.0,6076,0.8,1.2,1.0,1.0,fixed,12
Plate232-R03-C13,5061,6.456036356451294,multiply,2.0,447.7513007284079,209.7035869498684,6.459197786998617,-84016.8073079843,6.459592965817032,5055.061027591415,5055.009386459167,1725811188.2020788,1051006.716498247,58530.128433115984,2890.6986761509584,46836.0,2782.0,1874.0,742,224682.0,6076,0.8,1.2,1.0,1.0,fixed,12
Plate232-R03-C13,5061,9.684054534676942,multiply,3.0,298.5008671522719,139.80239129991224,9.192056905749851,-86899.57125427597,9.192056905749851,5050.662143983594,5050.662143983594,1725811188.2020788,1051006.716498247,58530.128433115984,2890.6986761509584,46836.0,2782.0,1874.0,742,224682.0,6076,0.8,1.2,1.0,1.0,fixed,12
Plate232-R03-C13,5061,1.6140090891128236,multiply,0.5,1791.0052029136316,838.8143477994736,1.8018178225647106,-93684.44360839664,1.8018178225647106,5045.520375622754,5045.350526604311,1725811188.2020788,1051006.716498247,58530.128433115984,2890.6986761509584,46836.0,2782.0,1874.0,742,224682.0,6076,0.8,1.2,1.0,1.0,fixed,12
Plate232-R03-C13,5061,1.076006059408549,multiply,0.3333333333333333,2686.507804370448,1258.2215216992106,1.2041098597115194,-95844.4629549787,1.20490021734835,5030.954819252862,5030.105562846247,1725811188.2020788,1051006.716498247,58530.128433115984,2890.6986761509584,46836.0,2782.0,1874.0,742,224682.0,6076,0.8,1.2,1.0,1.0,fixed,12
Plate232-R07-C07,5053,3.159707104690283,multiply,1.0,790.2898033320806,371.2533508706,3.161290322580645,-82991.63442322567,3.161290322580645,5047.608398705763,5047.608398705763,1106172959.9562645,822829.3812520771,45490.4367702355,2497.0843063526618,36631.0,2411.0,1358.0,551,187830.0,5579,0.8,1.2,1.0,1.0,fixed,12
Plate232-R07-C07,5053,6.319414209380566,multiply,2.0,395.1449016660403,185.6266754353,6.319018404907975,-82268.74967386045,6.319018404907975,5048.049463281937,5048.049463281937,1106172959.9562645,822829.3812520771,45490.4367702355,2497.0843063526618,36631.0,2411.0,1358.0,551,187830.0,5579,0.8,1.2,1.0,1.0,fixed,12
Plate232-R07-C07,5053,9.479121314070849,multiply,3.0,263.4299344440269,123.75111695686668,9.037997229368692,-84810.44160754322,9.036809815950921,5042.487543448649,5042.128517107771,1106172959.9562645,822829.3812520771,45490.4367702355,2497.0843063526618,36631.0,2411.0,1358.0,551,187830.0,5579,0.8,1.2,1.0,1.0,fixed,12
Plate232-R07-C07,5053,1.5798535523451416,multiply,0.5,1580.5796066641612,742.5067017412,1.4789234118345538,-93256.87023348734,1.4816940431426875,5014.261977384779,5008.625565943694,1106172959.9562645,822829.3812520771,45490.4367702355,2497.0843063526618,36631.0,2411.0,1358.0,551,187830.0,5579,0.8,1.2,1.0,1.0,fixed,12
Plate232-R07-C07,5053,1.0532357015634277,multiply,0.3333333333333333,2370.869409996242,1113.7600526118001,1.8391054818919454,-96753.02565801301,1.8355432416386306,5016.823924994376,5012.833118219126,1106172959.9562645,822829.3812520771,45490.4367702355,2497.0843063526618,36631.0,2411.0,1358.0,551,187830.0,5579,0.8,1.2,1.0,1.0,fixed,12
Plate232-R14-C10,5076,3.2405437352245863,multiply,1.0,1056.996413155815,482.87531156909233,3.244877856579984,-87329.8963927752,3.244877856579984,5068.412233865429,5068.412233865429,2467438616.828008,1605577.6520214125,68353.48699763593,3425.2431048069348,53654.0,3299.5,2080.0,825,269130.0,7710,0.8,1.2,1.0,1.0,fixed,12
Plate232-R14-C10,5076,6.4810874704491725,multiply,2.0,528.4982065779075,241.43765578454617,6.486997635933806,-86537.98653648514,6.487391646966115,5068.0364166324,5068.007861395696,2467438616.828008,1605577.6520214125,68353.48699763593,3425.2431048069348,53654.0,3299.5,2080.0,825,269130.0,7710,0.8,1.2,1.0,1.0,fixed,12
Plate232-R14-C10,5076,9.72163120567376,multiply,3.0,352.332137718605,160.95843718969743,8.928486997635934,-89550.22072732361,8.929078014184396,5061.631932672207,5061.374026983372,2467438616.828008,1605577.6520214125,68353.48699763593,3425.2431048069348,53654.0,3299.5,2080.0,825,269130.0,7710,0.8,1.2,1.0,1.0,fixed,12
Plate232-R14-C10,5076,1.6202718676122931,multiply,0.5,2113.99282631163,965.7506231381847,1.8002364066193854,-96008.16161735843,1.7998423955870764,5061.452563577566,5061.385149934296,2467438616.828008,1605577.6520214125,68353.48699763593,3425.2431048069348,53654.0,3299.5,2080.0,825,269130.0,7710,0.8,1.2,1.0,1.0,fixed,12
Plate232-R14-C10,5076,1.080181245074862,multiply,0.3333333333333333,3170.989239467445,1448.625934707277,1.177304964539007,-98137.48967237191,1.1765169424743893,5032.920108176626,5031.749398504267,2467438616.828008,1605577.6520214125,68353.48699763593,3425.2431048069348,53654.0,3299.5,2080.0,825,269130.0,7710,0.8,1.2,1.0,1.0,fixed,12
Plate232-R01-C19,5079,3.2640283520378026,multiply,1.0,1010.7174568705514,459.7693328507661,3.2665879110061034,-86846.87265003867,3.2665879110061034,5069.448473340111,5069.448473340111,2764498069.6014495,1627857.7716516221,66618.53317582201,3299.0104351250247,51467.0,3178.0,2325.0,800,333956.0,8401,0.8,1.2,1.0,1.0,fixed,12
Plate232-R01-C19,5079,6.528056704075605,multiply,2.0,505.3587284352757,229.88466642538305,6.508761567237645,-86311.68538745069,6.508761567237645,5067.510299314445,5067.510299314445,2764498069.6014495,1627857.7716516221,66618.53317582201,3299.0104351250247,51467.0,3178.0,2325.0,800,333956.0,8401,0.8,1.2,1.0,1.0,fixed,12
Plate232-R01-C19,5079,9.792085056113407,multiply,3.0,336.9058189568505,153.2564442835887,8.802717070289427,-89304.4124344751,8.80153573538098,5061.463234940147,5061.095301624915,2764498069.6014495,1627857.7716516221,66618.53317582201,3299.0104351250247,51467.0,3178.0,2325.0,800,333956.0,8401,0.8,1.2,1.0,1.0,fixed,12
Plate232-R01-C19,5079,1.6320141760189013,multiply,0.5,2021.4349137411027,919.5386657015322,1.8056704075605434,-95352.78834670637,1.8058672967119511,5061.9723168580385,5061.9332111885415,2764498069.6014495,1627857.7716516221,66618.53317582201,3299.0104351250247,51467.0,3178.0,2325.0,800,333956.0,8401,0.8,1.2,1.0,1.0,fixed,12
Plate232-R01-C19,5079,1.0880094506792675,multiply,0.3333333333333333,3032.1523706116545,1379.3079985522984,1.5455798385508959,-101037.74814729778,1.5418389446741485,4955.4464714492815,4939.139203481517,2764498069.6014495,1627857.7716516221,66618.53317582201,3299.0104351250247,51467.0,3178.0,2325.0,800,333956.0,8401,0.8,1.2,1.0,1.0,fixed,12
Plate232-R02-C08,4863,3.1457947768866954,multiply,1.0,957.627729114917,444.8415479147601,3.1476454863253136,-82897.65261916342,3.1472342175611763,4846.092031935739,4845.7484642577,2036284086.671033,1244616.7605408346,61261.52560148057,3012.500308451573,49733.0,2917.0,909.0,514,247078.0,6748,0.8,1.2,1.0,1.0,fixed,12
Plate232-R02-C08,4863,6.291589553773391,multiply,2.0,478.8138645574585,222.42077395738005,6.284597984783056,-82053.801765718,6.284597984783056,4841.735289119208,4841.553814306368,2036284086.671033,1244616.7605408346,61261.52560148057,3012.500308451573,49733.0,2917.0,909.0,514,247078.0,6748,0.8,1.2,1.0,1.0,fixed,12
Plate232-R02-C08,4863,9.437384330660086,multiply,3.0,319.20924303830566,148.2805159715867,8.972856261566934,-84432.1920621565,8.97038864898211,4835.265688822332,4834.471051742132,2036284086.671033,1244616.7605408346,61261.52560148057,3012.500308451573,49733.0,2917.0,909.0,514,247078.0,6748,0.8,1.2,1.0,1.0,fixed,12
Plate232-R02-C08,4863,1.5728973884433477,multiply,0.5,1915.255458229834,889.6830958295202,1.6594694632942628,-90897.02637034847,1.6572074850915073,4688.375562803791,4673.297318265157,2036284086.671033,1244616.7605408346,61261.52560148057,3012.500308451573,49733.0,2917.0,909.0,514,247078.0,6748,0.8,1.2,1.0,1.0,fixed,12
Plate232-R02-C08,4863,1.0485982589622318,multiply,0.3333333333333333,2872.883187344751,1334.5246437442804,1.1879498252107752,-93156.23917606362,1.1885667283569812,4821.456183520687,4818.08596453336,2036284086.671033,1244616.7605408346,61261.52560148057,3012.500308451573,49733.0,2917.0,909.0,514,247078.0,6748,0.8,1.2,1.0,1.0,fixed,12
Plate232-R15-C21,5010,3.059880239520958,multiply,1.0,1092.5323548597523,486.5151989562949,3.0632734530938124,-87364.7597860666,3.0636726546906186,4987.658617963898,4987.53165440246,2236882039.1468353,1833140.183539051,57134.5005988024,3343.0181636726547,45973.5,3204.0,1385.0,720,342410.0,8570,0.8,1.2,1.0,1.0,fixed,12
Plate232-R15-C21,5010,6.119760479041916,multiply,2.0,546.2661774298762,243.25759947814745,6.095808383233533,-85963.70258028134,6.095808383233533,4994.870971087867,4994.870971087867,2236882039.1468353,1833140.183539051,57134.5005988024,3343.0181636726547,45973.5,3204.0,1385.0,720,342410.0,8570,0.8,1.2,1.0,1.0,fixed,12
Plate232-R15-C21,5010,9.179640718562874,multiply,3.0,364.17745161991735,162.17173298543162,8.622155688622755,-89262.61598019915,8.619760479041917,4982.909375184454,4982.167594138977,2236882039.1468353,1833140.183539051,57134.5005988024,3343.0181636726547,45973.5,3204.0,1385.0,720,342410.0,8570,0.8,1.2,1.0,1.0,fixed,12
Plate232-R15-C21,5010,1.529940119760479,multiply,0.5,2185.0647097195047,973.0303979125898,1.7229540918163673,-94633.84575413633,1.7225548902195609,4978.328210721426,4977.94987639861,2236882039.1468353,1833140.183539051,57134.5005988024,3343.0181636726547,45973.5,3204.0,1385.0,720,342410.0,8570,0.8,1.2,1.0,1.0,fixed,12
Plate232-R15-C21,5010,1.0199600798403192,multiply,0.3333333333333333,3277.5970645792568,1459.5455968688848,1.477445109780439,-100643.86212934298,1.4776447105788424,4857.539035527307,4848.086974794442,2236882039.1468353,1833140.183539051,57134.5005988024,3343.0181636726547,45973.5,3204.0,1385.0,720,342410.0,8570,0.8,1.2,1.0,1.0,fixed,12
Plate232-R11-C19,5102,3.223833790670325,multiply,1.0,1077.6950997081713,482.43579766536965,3.230105840846727,-88665.17830192088,3.2295178361426893,5087.148353532331,5087.017792891456,1879328093.357626,1602086.7526136297,60220.14464915719,3474.3098784790277,47785.0,3336.5,1817.0,774,248711.0,8102,0.8,1.2,1.0,1.0,fixed,12
Plate232-R11-C19,5102,6.44766758134065,multiply,2.0,538.8475498540856,241.21789883268482,6.455899647197177,-87267.86661034176,6.455899647197177,5092.591493607323,5092.591493607323,1879328093.357626,1602086.7526136297,60220.14464915719,3474.3098784790277,47785.0,3336.5,1817.0,774,248711.0,8102,0.8,1.2,1.0,1.0,fixed,12
Plate232-R11-C19,5102,9.671501372010976,multiply,3.0,359.23169990272373,160.8119325551232,8.929439435515484,-89998.89777990313,8.930027440219522,5079.298795898934,5079.290241777571,1879328093.357626,1602086.7526136297,60220.14464915719,3474.3098784790277,47785.0,3336.5,1817.0,774,248711.0,8102,0.8,1.2,1.0,1.0,fixed,12
Plate232-R11-C19,5102,1.6119168953351626,multiply,0.5,2155.3901994163425,964.8715953307393,1.8067424539396315,-96645.16333445258,1.8071344570756567,5083.734101834033,5083.161303250694,1879328093.357626,1602086.7526136297,60220.14464915719,3474.3098784790277,47785.0,3336.5,1817.0,774,248711.0,8102,0.8,1.2,1.0,1.0,fixed,12
Plate232-R11-C19,5102,1.074611263556775,multiply,0.3333333333333333,3233.0852991245138,1447.307392996109,1.8053704429635438,-101797.86380592815,1.8028224225793807,5007.694143393246,5000.4983472385065,1879328093.357626,1602086.7526136297,60220.14464915719,3474.3098784790277,47785.0,3336.5,1817.0,774,248711.0,8102,0.8,1.2,1.0,1.0,fixed,12
Plate232-R01-C16,5110,3.166536203522505,multiply,1.0,1111.135591125394,505.0621716828379,3.1684931506849314,-88365.30799745437,3.1686888454011743,5101.425825240705,5101.303391208433,2898360314.9772205,1620302.216729121,72657.21643835616,3518.451076320939,58019.0,3366.0,2789.0,841,299439.0,8084,0.8,1.2,1.0,1.0,fixed,12
Plate232-R01-C16,5110,6.33307240704501,multiply,2.0,555.567795562697,252.53108584141896,6.334637964774951,-87493.53944190686,6.334637964774951,5102.907080082353,5102.907080082353,2898360314.9772205,1620302.216729121,72657.21643835616,3518.451076320939,58019.0,3366.0,2789.0,841,299439.0,8084,0.8,1.2,1.0,1.0,fixed,12
Plate232-R01-C16,5110,9.499608610567515,multiply,3.0,370.37853037513133,168.35405722761263,9.008219178082191,-90156.99441735816,9.008219178082191,5096.7181428202,5096.7181428202,2898360314.9772205,1620302.216729121,72657.21643835616,3518.451076320939,58019.0,3366.0,2789.0,841,299439.0,8084,0.8,1.2,1.0,1.0,fixed,12
Plate232-R01-C16,5110,1.5832681017612524,multiply,0.5,2222.271182250788,1010.1243433656758,1.7898238747553816,-97263.11180851504,1.7900195694716243,5092.259917398949,5092.2595197518585,2898360314.9772205,1620302.216729121,72657.21643835616,3518.451076320939,58019.0,3366.0,2789.0,841,299439.0,8084,0.8,1.2,1.0,1.0,fixed,12
Plate232-R01-C16,5110,1.055512067840835,multiply,0.3333333333333333,3333.4067733761817,1515.1865150485137,1.2039138943248533,-99514.65213890628,1.201761252446184,5065.780731643355,5061.310229015058,2898360314.9772205,1620302.216729121,72657.21643835616,3518.451076320939,58019.0,3366.0,2789.0,841,299439.0,8084,0.8,1.2,1.0,1.0,fixed,12
Plate232-R05-C13,5102,3.1593492747941982,multiply,1.0,1068.7658043302933,491.786339102922,3.1654253234025873,-88036.4432354885,3.1654253234025873,5094.552945794615,5094.552945794615,3147792699.04046,1609360.8252927095,72611.89749117993,3376.6044688357506,58212.0,3257.0,2229.0,834,377317.0,8094,0.8,1.2,1.0,1.0,fixed,12
Plate232-R05-C13,5102,6.3186985495883965,multiply,2.0,534.3829021651467,245.893169551461,6.302234417875343,-87074.49215086253,6.302234417875343,5095.151904255696,5095.151904255696,3147792699.04046,1609360.8252927095,72611.89749117993,3376.6044688357506,58212.0,3257.0,2229.0,834,377317.0,8094,0.8,1.2,1.0,1.0,fixed,12
Plate232-R05-C13,5102,9.478047824382594,multiply,3.0,356.25526811009786,163.92877970097402,8.928263426107408,-90076.83075047191,8.929439435515484,5084.818935024381,5084.672748962077,3147792699.04046,1609360.8252927095,72611.89749117993,3376.6044688357506,58212.0,3257.0,2229.0,834,377317.0,8094,0.8,1.2,1.0,1.0,fixed,12
Plate232-R05-C13,5102,1.5796746373970991,multiply,0.5,2137.5316086605867,983.572678205844,1.7516660133281066,-96829.50664104418,1.7518620148961193,5085.762616000373,5085.7279078152205,3147792699.04046,1609360.8252927095,72611.89749117993,3376.6044688357506,58212.0,3257.0,2229.0,834,377317.0,8094,0.8,1.2,1.0,1.0,fixed,12
Plate232-R05-C13,5102,1.0531164249313993,multiply,0.3333333333333333,3206.2974129908807,1475.3590173087664,1.7834182673461387,-102762.67891138147,1.7849862798902392,5064.029298979212,5061.5726690660595,3147792699.04046,1609360.8252927095,72611.89749117993,3376.6044688357506,58212.0,3257.0,2229.0,834,377317.0,8094,0.8,1.2,1.0,1.0,fixed,12
Plate232-R04-C13,5085,3.1547689282202556,multiply,1.0,1095.315858371774,502.15951876324647,3.159095378564405,-87849.30152430193,3.159095378564405,5076.587353521987,5076.587353521987,2666984517.4598293,1496413.5181321932,72033.03205506392,3455.468436578171,58716.0,3336.0,3466.0,760,310487.0,7753,0.8,1.2,1.0,1.0,fixed,12
Plate232-R04-C13,5085,6.309537856440511,multiply,2.0,547.657929185887,251.07975938162323,6.31779744346116,-86811.49265400071,6.31779744346116,5079.985887960493,5079.985887960493,2666984517.4598293,1496413.5181321932,72033.03205506392,3455.468436578171,58716.0,3336.0,3466.0,760,310487.0,7753,0.8,1.2,1.0,1.0,fixed,12
Plate232-R04-C13,5085,9.464306784660767,multiply,3.0,365.1052861239247,167.38650625441548,8.821828908554572,-89282.08421810441,8.823008849557523,5072.0211070687365,5071.9862613759,2666984517.4598293,1496413.5181321932,72033.03205506392,3455.468436578171,58716.0,3336.0,3466.0,760,310487.0,7753,0.8,1.2,1.0,1.0,fixed,12
Plate232-R04-C13,5085,1.5773844641101278,multiply,0.5,2190.631716743548,1004.3190375264929,1.76047197640118,-96877.9264918516,1.76047197640118,5073.762210239955,5073.762210239955,2666984517.4598293,1496413.5181321932,72033.03205506392,3455.468436578171,58716.0,3336.0,3466.0,760,310487.0,7753,0.8,1.2,1.0,1.0,fixed,12
Plate232-R04-C13,5085,1.051589642740085,multiply,0.3333333333333333,3285.947575115323,1506.4785562897398,1.5602753195673549,-101565.13561628322,1.5647984267453294,4959.436489551832,4947.0573729713915,2666984517.4598293,1496413.5181321932,72033.03205506392,3455.468436578171,58716.0,3336.0,3466.0,760,310487.0,7753,0.8,1.2,1.0,1.0,fixed,12
Plate234-R10-C07,5104,3.227664576802508,multiply,1.0,447.6415563918903,197.45841932742502,3.2211990595611284,-77045.04275549666,3.219239811912226,5027.3537178918405,5022.761162231416,48072197.52143202,320045.0576229592,8336.14145768025,1444.8367946708463,6282.0,1360.5,26.0,292,42233.0,3558,0.8,1.2,1.0,1.0,fixed,12
Plate234-R10-C07,5104,6.455329153605016,multiply,2.0,223.82077819594514,98.72920966371251,6.373824451410658,-77864.17829337387,6.375,4967.895906089099,4956.647121980057,48072197.52143202,320045.0576229592,8336.14145768025,1444.8367946708463,6282.0,1360.5,26.0,292,42233.0,3558,0.8,1.2,1.0,1.0,fixed,12
Plate234-R10-C07,5104,9.682993730407524,multiply,3.0,149.21385213063007,65.81947310914167,8.990007836990596,-79452.98552323993,8.987656739811912,5018.884766264357,5014.9300829582335,48072197.52143202,320045.0576229592,8336.14145768025,1444.8367946708463,6282.0,1360.5,26.0,292,42233.0,3558,0.8,1.2,1.0,1.0,fixed,12
Plate234-R10-C07,5104,1.613832288401254,multiply,0.5,895.2831127837806,394.91683865485004,1.656152037617555,-82729.49760356444,1.6496865203761755,4895.081687686552,4860.683740524871,48072197.52143202,320045.0576229592,8336.14145768025,1444.8367946708463,6282.0,1360.5,26.0,292,42233.0,3558,0.8,1.2,1.0,1.0,fixed,12
Plate234-R10-C07,5104,1.0758881922675025,multiply,0.3333333333333333,1342.9246691756707,592.3752579822751,1.0123432601880877,-86015.52815834004,1.0119514106583072,5023.293162210531,5014.047233478699,48072197.52143202,320045.0576229592,8336.14145768025,1444.8367946708463,6282.0,1360.5,26.0,292,42233.0,3558,0.8,1.2,1.0,1.0,fixed,12
Plate234-R02-C05,5061,3.254099980241059,multiply,1.0,467.1236262068128,205.91717772785233,3.244022920371468,-76663.40673801047,3.244615688599091,5011.471196304213,5009.669385578001,51614373.49739636,316920.7866191359,9213.066192452085,1520.0669828097214,7213.0,1438.0,608.0,517,45340.0,3702,0.8,1.2,1.0,1.0,fixed,12
Plate234-R02-C05,5061,6.508199960482118,multiply,2.0,233.5618131034064,102.95858886392617,6.436672594348943,-77635.28906870683,6.4323256273463745,4965.5358747450355,4955.295689493287,51614373.49739636,316920.7866191359,9213.066192452085,1520.0669828097214,7213.0,1438.0,608.0,517,45340.0,3702,0.8,1.2,1.0,1.0,fixed,12
Plate234-R02-C05,5061,9.762299940723178,multiply,3.0,155.7078754022709,68.63905924261744,9.110254890337877,-79174.56622784467,9.108476585655009,4975.755232398895,4966.435337625961,51614373.49739636,316920.7866191359,9213.066192452085,1520.0669828097214,7213.0,1438.0,608.0,517,45340.0,3702,0.8,1.2,1.0,1.0,fixed,12
Plate234-R02-C05,5061,1.6270499901205295,multiply,0.5,934.2472524136256,411.83435545570467,1.8377790950405057,-82532.14989082434,1.8373839162220904,5013.311636455741,5011.9997395597475,51614373.49739636,316920.7866191359,9213.066192452085,1520.0669828097214,7213.0,1438.0,608.0,517,45340.0,3702,0.8,1.2,1.0,1.0,fixed,12
Plate234-R02-C05,5061,1.0846999934136863,multiply,0.3333333333333333,1401.3708786204386,617.7515331835571,1.8510175854574196,-88633.64939146924,1.8415332938154514,4813.296041110312,4790.475670377376,51614373.49739636,316920.7866191359,9213.066192452085,1520.0669828097214,7213.0,1438.0,608.0,517,45340.0,3702,0.8,1.2,1.0,1.0,fixed,12
Plate234-R04-C16,5131,3.2395244591697523,multiply,1.0,499.06166526290457,222.18517627241005,3.2451763788735137,-78734.25061272118,3.2447865913077374,5087.2292387206835,5086.875981304492,79705402.4094039,386202.5728653147,11161.40479438706,1616.722471253167,8726.0,1540.0,29.0,315,58558.0,4133,0.8,1.2,1.0,1.0,fixed,12
Plate234-R04-C16,5131,6.479048918339505,multiply,2.0,249.53083263145228,111.09258813620502,6.417462482946794,-79792.43957052434,6.42486844669655,5028.693812017268,5019.036324864903,79705402.4094039,386202.5728653147,11161.40479438706,1616.722471253167,8726.0,1540.0,29.0,315,58558.0,4133,0.8,1.2,1.0,1.0,fixed,12
Plate234-R04-C16,5131,9.718573377509257,multiply,3.0,166.3538884209682,74.06172542413668,9.085363476905087,-81539.13561518319,9.081855388813096,5040.920397600577,5034.191268042854,79705402.4094039,386202.5728653147,11161.40479438706,1616.722471253167,8726.0,1540.0,29.0,315,58558.0,4133,0.8,1.2,1.0,1.0,fixed,12
Plate234-R04-C16,5131,1.6197622295848761,multiply,0.5,998.1233305258091,444.3703525448201,1.7994542974079126,-84977.04550129933,1.7998440849736894,5086.527156947154,5084.812450848238,79705402.4094039,386202.5728653147,11161.40479438706,1616.722471253167,8726.0,1540.0,29.0,315,58558.0,4133,0.8,1.2,1.0,1.0,fixed,12
Plate234-R04-C16,5131,1.0798414863899173,multiply,0.3333333333333333,1497.184995788714,666.5555288172303,1.2455661664392905,-88258.78493269855,1.2449814850906256,5036.923255654712,5025.067666245544,79705402.4094039,386202.5728653147,11161.40479438706,1616.722471253167,8726.0,1540.0,29.0,315,58558.0,4133,0.8,1.2,1.0,1.0,fixed,12
Plate234-R16-C14,4974,3.516083634901488,multiply,1.0,209.13780090342502,96.13665732746297,3.417772416566144,-75335.05532244581,3.4213912344189787,4660.363863515832,4642.737876881457,22328304.60334673,80477.75337530344,6128.872738238842,735.3459991958183,4843.5,706.0,0.0,212,32226.0,1925,0.8,1.2,1.0,1.0,fixed,12
Plate234-R16-C14,4974,7.032167269802976,multiply,2.0,104.56890045171251,48.068328663731485,6.7780458383594695,-75296.00426547788,6.788500201045436,4686.051407230705,4674.36084066985,22328304.60334673,80477.75337530344,6128.872738238842,735.3459991958183,4843.5,706.0,0.0,212,32226.0,1925,0.8,1.2,1.0,1.0,fixed,12
Plate234-R16-C14,4974,10.548250904704464,multiply,3.0,69.71260030114168,32.04555244248766,9.335946924004825,-76641.9358962504,9.334137515078408,4858.698623039647,4850.055073983573,22328304.60334673,80477.75337530344,6128.872738238842,735.3459991958183,4843.5,706.0,0.0,212,32226.0,1925,0.8,1.2,1.0,1.0,fixed,12
Plate234-R16-C14,4974,1.758041817450744,multiply,0.5,418.27560180685003,192.27331465492594,1.8291113791716929,-78082.63207393448,1.8297145154804986,4877.968852929555,4871.20133085214,22328304.60334673,80477.75337530344,6128.872738238842,735.3459991958183,4843.5,706.0,0.0,212,32226.0,1925,0.8,1.2,1.0,1.0,fixed,12
Plate234-R16-C14,4974,1.1720278783004958,multiply,0.3333333333333333,627.4134027102751,288.409971982389,1.3833936469642139,-82008.43714978872,1.3854041013268998,4910.730169486002,4906.609959776583,22328304.60334673,80477.75337530344,6128.872738238842,735.3459991958183,4843.5,706.0,0.0,212,32226.0,1925,0.8,1.2,1.0,1.0,fixed,12
Plate234-R07-C14,5112,6.205399061032864,multiply,1.0,211.42301872517496,92.91296261269781,5.942097026604069,-77181.67660720661,5.939945226917058,4707.933739165182,4682.142568184007,29868701.547563188,264677.3462040586,6701.152190923318,1311.9642018779343,5360.0,1259.5,0.0,248,38074.0,3464,0.8,1.2,1.0,1.0,fixed,12
Plate234-R07-C14,5112,12.410798122065728,multiply,2.0,105.71150936258748,46.456481306348905,9.422926447574335,-79823.03180696483,9.411971830985916,4913.042346714696,4895.6057461813525,29868701.547563188,264677.3462040586,6701.152190923318,1311.9642018779343,5360.0,1259.5,0.0,248,38074.0,3464,0.8,1.2,1.0,1.0,fixed,12
Plate234-R07-C14,5112,3.102699530516432,multiply,0.5,422.8460374503499,185.82592522539562,3.1502347417840375,-77491.50470423023,3.1502347417840375,4997.8518886260135,4992.939094088297,29868701.547563188,264677.3462040586,6701.152190923318,1311.9642018779343,5360.0,1259.5,0.0,248,38074.0,3464,0.8,1.2,1.0,1.0,fixed,12
Plate234-R07-C14,5112,2.0684663536776213,multiply,0.3333333333333333,634.2690561755248,278.73888783809343,2.1652973395931143,-80164.5365383408,2.163732394366197,4999.369153277272,4991.406709547956,29868701.547563188,264677.3462040586,6701.152190923318,1311.9642018779343,5360.0,1259.5,0.0,248,38074.0,3464,0.8,1.2,1.0,1.0,fixed,12
Plate234-R07-C14,5112,1.551349765258216,multiply,0.25,845.6920749006998,371.65185045079124,1.5416666666666667,-82347.9671881051,1.5328638497652582,4901.39647185904,4880.3894732409735,29868701.547563188,264677.3462040586,6701.152190923318,1311.9642018779343,5360.0,1259.5,0.0,248,38074.0,3464,0.8,1.2,1.0,1.0,fixed,12
Plate234-R07-C14,5112,1.241079812206573,multiply,0.2,1057.1150936258748,464.564813063489,1.5594679186228482,-85214.19202397336,1.5573161189358373,5053.591100090079,5051.727211428739,29868701.547563188,264677.3462040586,6701.152190923318,1311.9642018779343,5360.0,1259.5,0.0,248,38074.0,3464,0.8,1.2,1.0,1.0,fixed,12
Plate234-R10-C18,5031,3.0649970184853905,multiply,1.0,339.62418936446176,152.97354085603112,3.051282051282051,-72444.17024582443,3.052077121844564,4935.515678000593,4930.638831532922,19210002.96598615,188317.78686600333,4775.314649175114,1040.947127807593,3400.0,949.0,0.0,188,26275.0,2681,0.8,1.2,1.0,1.0,fixed,12
Plate234-R10-C18,5031,6.129994036970781,multiply,2.0,169.81209468223088,76.48677042801556,6.080302126813755,-73142.5449079354,6.0818922679387795,4903.783995601657,4895.315293320255,19210002.96598615,188317.78686600333,4775.314649175114,1040.947127807593,3400.0,949.0,0.0,188,26275.0,2681,0.8,1.2,1.0,1.0,fixed,12
Plate234-R10-C18,5031,9.194991055456171,multiply,3.0,113.20806312148724,50.99118028534371,8.588550983899822,-74546.00614248519,8.594514013118664,4929.583769483221,4923.981501789447,19210002.96598615,188317.78686600333,4775.314649175114,1040.947127807593,3400.0,949.0,0.0,188,26275.0,2681,0.8,1.2,1.0,1.0,fixed,12
Plate234-R10-C18,5031,1.5324985092426953,multiply,0.5,679.2483787289235,305.94708171206224,1.7016497714172132,-77659.02632961798,1.7018485390578413,4987.702001402954,4987.05675592713,19210002.96598615,188317.78686600333,4775.314649175114,1040.947127807593,3400.0,949.0,0.0,188,26275.0,2681,0.8,1.2,1.0,1.0,fixed,12
Plate234-R10-C18,5031,1.0216656728284634,multiply,0.3333333333333333,1018.8725680933854,458.92062256809345,0.881534486185649,-81078.67881709497,0.8753726893261777,4938.725882391162,4927.263632908585,19210002.96598615,188317.78686600333,4775.314649175114,1040.947127807593,3400.0,949.0,0.0,188,26275.0,2681,0.8,1.2,1.0,1.0,fixed,12
Plate234-R08-C05,4911,3.2091223783343517,multiply,1.0,407.87284263959384,176.8442893401015,3.2197108531867236,-73492.67680081027,3.2197108531867236,4773.568620793794,4766.556175288684,22670237.439608082,267346.66691765154,5903.963551211566,1308.9138668295664,4561.0,1234.0,0.0,276,31590.0,3464,0.8,1.2,1.0,1.0,fixed,12
Plate234-R08-C05,4911,6.418244756668703,multiply,2.0,203.93642131979692,88.42214467005076,6.389330075341071,-74062.55565219634,6.377112604357564,4679.85177322855,4655.536776371178,22670237.439608082,267346.66691765154,5903.963551211566,1308.9138668295664,4561.0,1234.0,0.0,276,31590.0,3464,0.8,1.2,1.0,1.0,fixed,12
Plate234-R08-C05,4911,9.627367135003055,multiply,3.0,135.95761421319796,58.9480964467005,8.989004276114844,-75232.80112741014,8.98167379352474,4763.015548997624,4746.111353703536,22670237.439608082,267346.66691765154,5903.963551211566,1308.9138668295664,4561.0,1234.0,0.0,276,31590.0,3464,0.8,1.2,1.0,1.0,fixed,12
Plate234-R08-C05,4911,1.6045611891671758,multiply,0.5,815.7456852791877,353.688578680203,1.8185705558949297,-78276.23148602409,1.8171451842801873,4813.897889072687,4808.867305733138,22670237.439608082,267346.66691765154,5903.963551211566,1308.9138668295664,4561.0,1234.0,0.0,276,31590.0,3464,0.8,1.2,1.0,1.0,fixed,12
Plate234-R08-C05,4911,1.0697074594447837,multiply,0.3333333333333333,1223.6185279187819,530.5328680203046,1.010792099368764,-81073.4490046301,1.0093667277540215,4792.889693623615,4785.580106817237,22670237.439608082,267346.66691765154,5903.963551211566,1308.9138668295664,4561.0,1234.0,0.0,276,31590.0,3464,0.8,1.2,1.0,1.0,fixed,12
Plate234-R09-C19,4852,3.119126133553174,multiply,1.0,361.54024051803884,159.1269327342408,3.148186314921682,-73279.26104812504,3.14921681780709,4626.03829728004,4612.17886946587,21603799.399876926,241462.14523942926,5268.658697444353,1127.6896125309152,3784.5,1058.0,0.0,92,30243.0,3087,0.8,1.2,1.0,1.0,fixed,12
Plate234-R09-C19,4852,6.238252267106348,multiply,2.0,180.77012025901942,79.5634663671204,6.100989282769992,-73498.88819149924,6.100164880461666,4532.911309680754,4509.2409833986985,21603799.399876926,241462.14523942926,5268.658697444353,1127.6896125309152,3784.5,1058.0,0.0,92,30243.0,3087,0.8,1.2,1.0,1.0,fixed,12
Plate234-R09-C19,4852,9.357378400659522,multiply,3.0,120.51341350601295,53.042310911413594,8.539983511953833,-74485.00541264525,8.532563891178896,4636.671759084838,4613.251973747278,21603799.399876926,241462.14523942926,5268.658697444353,1127.6896125309152,3784.5,1058.0,0.0,92,30243.0,3087,0.8,1.2,1.0,1.0,fixed,12
Plate234-R09-C19,4852,1.559563066776587,multiply,0.5,723.0804810360777,318.2538654684816,1.509686727122836,-77022.40869596077,1.509686727122836,4589.190573977423,4563.238525377865,21603799.399876926,241462.14523942926,5268.658697444353,1127.6896125309152,3784.5,1058.0,0.0,92,30243.0,3087,0.8,1.2,1.0,1.0,fixed,12
Plate234-R09-C19,4852,1.0397087111843912,multiply,0.3333333333333333,1084.6207215541167,477.3807982027224,0.9476504534212696,-79718.9675640885,0.9468260511129432,4722.495321766377,4708.922592735635,21603799.399876926,241462.14523942926,5268.658697444353,1127.6896125309152,3784.5,1058.0,0.0,92,30243.0,3087,0.8,1.2,1.0,1.0,fixed,12
Plate234-R14-C07,4961,3.262850231808103,multiply,1.0,453.25829369246924,196.92493976647927,3.274742995363838,-75345.78877052442,3.2745414231001813,4843.863524027237,4836.923754633175,41795523.1059919,324795.7073079699,8008.210239870994,1478.9139286434186,6310.0,1404.0,407.0,446,40426.0,3657,0.8,1.2,1.0,1.0,fixed,12
Plate234-R14-C07,4961,6.525700463616206,multiply,2.0,226.62914684623462,98.46246988323963,6.462406772828059,-75964.07700132737,6.466841362628502,4767.171622959677,4756.845659209046,41795523.1059919,324795.7073079699,8008.210239870994,1478.9139286434186,6310.0,1404.0,407.0,446,40426.0,3657,0.8,1.2,1.0,1.0,fixed,12
Plate234-R14-C07,4961,9.788550695424309,multiply,3.0,151.08609789748976,65.64164658882642,9.08284620036283,-77518.19754819165,9.079822616407982,4824.530180375689,4813.365634310739,41795523.1059919,324795.7073079699,8008.210239870994,1478.9139286434186,6310.0,1404.0,407.0,446,40426.0,3657,0.8,1.2,1.0,1.0,fixed,12
Plate234-R14-C07,4961,1.6314251159040516,multiply,0.5,906.5165873849385,393.84987953295854,1.812336222535779,-80757.69678012523,1.8060874823624269,4864.432454475624,4853.95284334817,41795523.1059919,324795.7073079699,8008.210239870994,1478.9139286434186,6310.0,1404.0,407.0,446,40426.0,3657,0.8,1.2,1.0,1.0,fixed,12
Plate234-R14-C07,4961,1.0876167439360342,multiply,0.3333333333333333,1359.774881077408,590.7748192994379,1.6702277766579319,-85078.93994967245,1.669824632130619,4934.057029473018,4933.363397911944,41795523.1059919,324795.7073079699,8008.210239870994,1478.9139286434186,6310.0,1404.0,407.0,446,40426.0,3657,0.8,1.2,1.0,1.0,fixed,12
Plate234-R03-C15,5069,3.1783389228644703,multiply,1.0,468.12966296319286,209.8010675935696,3.1738015387650425,-77104.72519905603,3.1720260406391794,5001.546772128497,4997.635027388022,56834220.303525016,310394.3254642368,9645.64391398698,1487.8747287433418,7821.0,1437.0,0.0,296,51656.0,3705,0.8,1.2,1.0,1.0,fixed,12
Plate234-R03-C15,5069,6.356677845728941,multiply,2.0,234.06483148159643,104.9005337967848,6.273821266521996,-78018.05134652379,6.268297494574867,4939.606345551783,4933.19683063591,56834220.303525016,310394.3254642368,9645.64391398698,1487.8747287433418,7821.0,1437.0,0.0,296,51656.0,3705,0.8,1.2,1.0,1.0,fixed,12
Plate234-R03-C15,5069,9.535016768593412,multiply,3.0,156.04322098773093,69.93368919785652,9.00532649437759,-79366.06163376143,9.004142828960347,4961.189522978908,4950.1223796972845,56834220.303525016,310394.3254642368,9645.64391398698,1487.8747287433418,7821.0,1437.0,0.0,296,51656.0,3705,0.8,1.2,1.0,1.0,fixed,12
Plate234-R03-C15,5069,1.5891694614322351,multiply,0.5,936.2593259263857,419.6021351871392,1.7800355099625174,-83055.45741322466,1.7806273426711383,5009.282862254156,5006.920966353238,56834220.303525016,310394.3254642368,9645.64391398698,1487.8747287433418,7821.0,1437.0,0.0,296,51656.0,3705,0.8,1.2,1.0,1.0,fixed,12
Plate234-R03-C15,5069,1.05944630762149,multiply,0.3333333333333333,1404.388988889579,629.403202780709,1.2450187413691063,-86420.41666686795,1.2442296310909449,4924.308423282266,4915.957020295911,56834220.303525016,310394.3254642368,9645.64391398698,1487.8747287433418,7821.0,1437.0,0.0,296,51656.0,3705,0.8,1.2,1.0,1.0,fixed,12
Plate234-R15-C10,5112,3.189749608763693,multiply,1.0,277.3584570096897,122.47105359990188,3.1823161189358373,-71576.33518289676,3.18329420970266,4937.3474502445915,4921.956119340342,5739198.213337154,115500.63924808991,2952.4483568075116,884.7040297339593,2280.5,837.0,0.0,190,15644.0,2241,0.8,1.2,1.0,1.0,fixed,12
Plate234-R15-C10,5112,6.379499217527386,multiply,2.0,138.67922850484484,61.23552679995094,6.337245696400626,-71994.45783399546,6.33489827856025,4873.62887529994,4857.227501639085,5739198.213337154,115500.63924808991,2952.4483568075116,884.7040297339593,2280.5,837.0,0.0,190,15644.0,2241,0.8,1.2,1.0,1.0,fixed,12
Plate234-R15-C10,5112,9.56924882629108,multiply,3.0,92.45281900322989,40.82368453330063,8.970070422535212,-73222.04844782918,8.97593896713615,4981.281756082477,4965.846948570568,5739198.213337154,115500.63924808991,2952.4483568075116,884.7040297339593,2280.5,837.0,0.0,190,15644.0,2241,0.8,1.2,1.0,1.0,fixed,12
Plate234-R15-C10,5112,1.5948748043818466,multiply,0.5,554.7169140193794,244.94210719980376,1.7640845070422535,-76108.91923730254,1.761150234741784,5018.444861137129,5007.236637328071,5739198.213337154,115500.63924808991,2952.4483568075116,884.7040297339593,2280.5,837.0,0.0,190,15644.0,2241,0.8,1.2,1.0,1.0,fixed,12
Plate234-R15-C10,5112,1.0632498695878976,multiply,0.3333333333333333,832.0753710290693,367.41316079970574,0.9853286384976526,-79369.15493464473,0.9857198748043818,5001.351173062373,4997.336518054792,5739198.213337154,115500.63924808991,2952.4483568075116,884.7040297339593,2280.5,837.0,0.0,190,15644.0,2241,0.8,1.2,1.0,1.0,fixed,12
Plate234-R13-C21,5063,3.3017973533478173,multiply,1.0,415.76724292636237,184.50649039899503,3.3002172624925934,-75781.74680378621,3.3006122852063995,4961.058413927847,4958.147401246364,37639135.58267902,277390.78173169,7666.870827572586,1372.7791823029825,5873.0,1301.0,352.0,427,34942.0,3289,0.8,1.2,1.0,1.0,fixed,12
Plate234-R13-C21,5063,6.603594706695635,multiply,2.0,207.88362146318119,92.25324519949751,6.55224175390085,-76453.72334434517,6.548686549476595,4893.157626738065,4877.689628822044,37639135.58267902,277390.78173169,7666.870827572586,1372.7791823029825,5873.0,1301.0,352.0,427,34942.0,3289,0.8,1.2,1.0,1.0,fixed,12
Plate234-R13-C21,5063,9.905392060043452,multiply,3.0,138.58908097545412,61.50216346633168,9.151096188030811,-78152.7571004746,9.148726051747975,4969.9200425553445,4962.8819043860585,37639135.58267902,277390.78173169,7666.870827572586,1372.7791823029825,5873.0,1301.0,352.0,427,34942.0,3289,0.8,1.2,1.0,1.0,fixed,12
Plate234-R13-C21,5063,1.6508986766739087,multiply,0.5,831.5344858527247,369.01298079799005,1.8457436302587398,-81318.81051743358,1.846533675686352,4995.612527670926,4989.734835857816,37639135.58267902,277390.78173169,7666.870827572586,1372.7791823029825,5873.0,1301.0,352.0,427,34942.0,3289,0.8,1.2,1.0,1.0,fixed,12
Plate234-R13-C21,5063,1.1005991177826058,multiply,0.3333333333333333,1247.3017287790872,553.5194711969851,1.6685759431167293,-85876.35804825366,1.6695634999012443,5039.540798817584,5039.03397122847,37639135.58267902,277390.78173169,7666.870827572586,1372.7791823029825,5873.0,1301.0,352.0,427,34942.0,3289,0.8,1.2,1.0,1.0,fixed,12
Plate234-R05-C10,4803,3.7840932750364358,multiply,1.0,445.9593947730399,200.22266850068775,3.783260462211118,-76979.81190039116,3.775556943576931,4279.067042426334,4259.074872556705,305167106.1623845,763270.6517678672,14775.092650426817,1687.5519466999792,9405.0,1510.0,527.0,480,154865.0,6282,0.8,1.2,1.0,1.0,fixed,12
Plate234-R05-C10,4803,7.5681865500728716,multiply,2.0,222.97969738651994,100.11133425034387,7.114303560274828,-77596.88935678508,7.118884030814074,4238.87273816245,4209.1200585324,305167106.1623845,763270.6517678672,14775.092650426817,1687.5519466999792,9405.0,1510.0,527.0,480,154865.0,6282,0.8,1.2,1.0,1.0,fixed,12
Plate234-R05-C10,4803,1.8920466375182179,multiply,0.5,891.9187895460798,400.4453370013755,2.2077867999167187,-81111.5996772891,2.2096606287736833,4541.507425135424,4535.967266788804,305167106.1623845,763270.6517678672,14775.092650426817,1687.5519466999792,9405.0,1510.0,527.0,480,154865.0,6282,0.8,1.2,1.0,1.0,fixed,12
Plate234-R05-C10,4803,1.2613644250121452,multiply,0.3333333333333333,1337.8781843191198,600.6680055020634,1.9606495940037476,-84561.69785011042,1.9598167811784302,4648.868722982888,4645.410677500962,305167106.1623845,763270.6517678672,14775.092650426817,1687.5519466999792,9405.0,1510.0,527.0,480,154865.0,6282,0.8,1.2,1.0,1.0,fixed,12
Plate234-R05-C10,4803,0.9460233187591089,multiply,0.25,1783.8375790921596,800.890674002751,1.6466791588590464,-87371.01833462536,1.6441807203830938,4701.689244741565,4699.011567591931,305167106.1623845,763270.6517678672,14775.092650426817,1687.5519466999792,9405.0,1510.0,527.0,480,154865.0,6282,0.8,1.2,1.0,1.0,fixed,12
Plate234-R03-C05,5066,3.184761152783261,multiply,1.0,484.2457543076732,211.56625759266146,3.18002368732728,-78454.47807196595,3.1770627714172917,4974.66793031281,4964.923114619542,56643328.76888254,371506.9823863793,9330.756810106594,1542.2070667193052,7366.5,1478.0,53.0,313,50802.0,4102,0.8,1.2,1.0,1.0,fixed,12
Plate234-R03-C05,5066,6.369522305566522,multiply,2.0,242.1228771538366,105.78312879633073,6.308330043426767,-79215.48337564549,6.311883142518752,4943.204769846609,4933.950118206725,56643328.76888254,371506.9823863793,9330.756810106594,1542.2070667193052,7366.5,1478.0,53.0,313,50802.0,4102,0.8,1.2,1.0,1.0,fixed,12
Plate234-R03-C05,5066,9.554283458349783,multiply,3.0,161.41525143589107,70.52208586422049,8.94255823134623,-80646.62990262052,8.943150414528228,4960.907782734528,4955.893384157966,56643328.76888254,371506.9823863793,9330.756810106594,1542.2070667193052,7366.5,1478.0,53.0,313,50802.0,4102,0.8,1.2,1.0,1.0,fixed,12
Plate234-R03-C05,5066,1.5923805763916306,multiply,0.5,968.4915086153464,423.1325151853229,1.78997236478484,-83706.651602752,1.7870114488748519,4994.274662878699,4983.852563784053,56643328.76888254,371506.9823863793,9330.756810106594,1542.2070667193052,7366.5,1478.0,53.0,313,50802.0,4102,0.8,1.2,1.0,1.0,fixed,12
Plate234-R03-C05,5066,1.0615870509277536,multiply,0.3333333333333333,1452.7372629230197,634.6987727779843,0.9917094354520332,-86501.47611297973,0.9903276746940387,4971.070622344552,4961.823515137867,56643328.76888254,371506.9823863793,9330.756810106594,1542.2070667193052,7366.5,1478.0,53.0,313,50802.0,4102,0.8,1.2,1.0,1.0,fixed,12
Plate234-R08-C09,5096,3.0557299843014127,multiply,1.0,481.78243000256873,207.2855124582584,3.080259026687598,-77433.39921437009,3.0816326530612246,4981.799576938827,4977.4972490565515,43303958.81090366,388982.2445916904,7617.667189952905,1472.1970172684457,5877.0,1393.5,27.0,282,45570.0,4124,0.8,1.2,1.0,1.0,fixed,12
Plate234-R08-C09,5096,6.1114599686028255,multiply,2.0,240.89121500128437,103.6427562291292,6.09850863422292,-77775.83406460189,6.096153846153846,4924.254073316672,4914.110633729762,43303958.81090366,388982.2445916904,7617.667189952905,1472.1970172684457,5877.0,1393.5,27.0,282,45570.0,4124,0.8,1.2,1.0,1.0,fixed,12
Plate234-R08-C09,5096,9.167189952904238,multiply,3.0,160.5941433341896,69.09517081941948,8.633830455259027,-79174.19080291755,8.635596546310833,4979.19123316296,4970.947021515008,43303958.81090366,388982.2445916904,7617.667189952905,1472.1970172684457,5877.0,1393.5,27.0,282,45570.0,4124,0.8,1.2,1.0,1.0,fixed,12
Plate234-R08-C09,5096,1.5278649921507064,multiply,0.5,963.5648600051375,414.5710249165168,1.7091836734693877,-83016.63003148157,1.710164835164835,4996.144899203779,4991.5301714222915,43303958.81090366,388982.2445916904,7617.667189952905,1472.1970172684457,5877.0,1393.5,27.0,282,45570.0,4124,0.8,1.2,1.0,1.0,fixed,12
Plate234-R08-C09,5096,1.018576661433804,multiply,0.3333333333333333,1445.3472900077063,621.8565373747753,1.1022370486656201,-86389.59529275936,1.103414442700157,4962.831406388124,4947.209585494529,43303958.81090366,388982.2445916904,7617.667189952905,1472.1970172684457,5877.0,1393.5,27.0,282,45570.0,4124,0.8,1.2,1.0,1.0,fixed,12
