cell_id,n_bins,initial_ploidy,modifier,modifier_value,rpc,fpc,ploidy_result,score,map_ploidy,map_score,viterbi_score,bases_var,reads_var,bases_mean,reads_mean,bases_median,reads_median,bases_min,reads_min,bases_max,reads_max,min_mean_scale,max_mean_scale,reads_mean_scale,bases_mean_scale,means,max_k
Plate232-R01-C16,5110,6.33307240704501,multiply,2.0,555.567795562697,252.53108584141896,6.334637964774951,-87493.53944190686,6.334637964774951,5102.907080082353,5102.907080082353,2898360314.9772205,1620302.216729121,72657.21643835616,3518.451076320939,58019.0,3366.0,2789.0,841,299439.0,8084,0.8,1.2,1.0,1.0,fixed,12
Plate232-R01-C19,5079,6.528056704075605,multiply,2.0,505.3587284352757,229.88466642538305,6.508761567237645,-86311.68538745069,6.508761567237645,5067.510299314445,5067.510299314445,2764498069.6014495,1627857.7716516221,66618.53317582201,3299.0104351250247,51467.0,3178.0,2325.0,800,333956.0,8401,0.8,1.2,1.0,1.0,fixed,12
Plate232-R02-C08,4863,6.291589553773391,multiply,2.0,478.8138645574585,222.42077395738005,6.284597984783056,-82053.801765718,6.284597984783056,4841.735289119208,4841.553814306368,2036284086.671033,1244616.7605408346,61261.52560148057,3012.500308451573,49733.0,2917.0,909.0,514,247078.0,6748,0.8,1.2,1.0,1.0,fixed,12
Plate232-R03-C13,5061,6.456036356451294,multiply,2.0,447.7513007284079,209.7035869498684,6.459197786998617,-84016.8073079843,6.459592965817032,5055.061027591415,5055.009386459167,1725811188.2020788,1051006.716498247,58530.128433115984,2890.6986761509584,46836.0,2782.0,1874.0,742,224682.0,6076,0.8,1.2,1.0,1.0,fixed,12
Plate232-R04-C05,5127,6.415447630193095,multiply,2.0,445.2566885564879,202.5929405326523,6.404134971718354,-85692.77281987459,6.404134971718354,5111.325104153362,5111.2665941014675,1229883545.561354,1130506.6206586037,45581.2241076653,2856.5209674273456,36598.0,2750.0,1888.0,681,250223.0,7628,0.8,1.2,1.0,1.0,fixed,12
Plate232-R04-C13,5085,6.309537856440511,multiply,2.0,547.657929185887,251.07975938162323,6.31779744346116,-86811.49265400071,6.31779744346116,5079.985887960493,5079.985887960493,2666984517.4598293,1496413.5181321932,72033.03205506392,3455.468436578171,58716.0,3336.0,3466.0,760,310487.0,7753,0.8,1.2,1.0,1.0,fixed,12
Plate232-R05-C13,5102,6.3186985495883965,multiply,2.0,534.3829021651467,245.893169551461,6.302234417875343,-87074.49215086253,6.302234417875343,5095.151904255696,5095.151904255696,3147792699.04046,1609360.8252927095,72611.89749117993,3376.6044688357506,58212.0,3257.0,2229.0,834,377317.0,8094,0.8,1.2,1.0,1.0,fixed,12
Plate232-R06-C06,4920,6.334959349593496,multiply,2.0,533.8693210985626,245.0545431211499,6.338211382113821,-84993.25634017619,6.337398373983739,4893.704172081734,4893.5818016120675,2964607837.5018616,1637970.6767536115,71884.91524390243,3382.0404471544716,57860.5,3266.0,184.0,464,317553.0,7936,0.8,1.2,1.0,1.0,fixed,12
Plate232-R07-C07,5053,6.319414209380566,multiply,2.0,395.1449016660403,185.6266754353,6.319018404907975,-82268.74967386045,6.319018404907975,5048.049463281937,5048.049463281937,1106172959.9562645,822829.3812520771,45490.4367702355,2497.0843063526618,36631.0,2411.0,1358.0,551,187830.0,5579,0.8,1.2,1.0,1.0,fixed,12
Plate232-R11-C06,4966,5.331453886427709,multiply,1.0,48.99648738480132,23.44349599637407,5.251711639146194,-63512.88181778012,5.249496576721707,4081.1672854189155,4008.751224585326,731687.5248679136,18193.832653179586,919.4697946033025,261.22251308900525,665.0,238.0,0.0,26,5107.0,748,0.8,1.2,1.0,1.0,fixed,12
Plate232-R11-C13,5097,6.5261918775750445,multiply,2.0,494.300955988456,227.43440355940356,6.488130272709437,-86703.2831770394,6.488130272709437,5087.502717260553,5087.502717260553,3027808472.497969,1542095.957403376,66477.2189523249,3225.9028840494407,50240.0,3055.0,2540.0,764,402691.0,8316,0.8,1.2,1.0,1.0,fixed,12
Plate232-R11-C19,5102,6.44766758134065,multiply,2.0,538.8475498540856,241.21789883268482,6.455899647197177,-87267.86661034176,6.455899647197177,5092.591493607323,5092.591493607323,1879328093.357626,1602086.7526136297,60220.14464915719,3474.3098784790277,47785.0,3336.5,1817.0,774,248711.0,8102,0.8,1.2,1.0,1.0,fixed,12
Plate232-R12-C14,5022,6.199123855037834,multiply,2.0,427.67380830014133,199.16841192342284,6.20310633213859,-82066.47924772234,6.20310633213859,5013.729031953026,5013.729031953026,1255583905.9085126,1026284.6525069816,47094.16049382716,2651.2029072082837,38394.5,2583.0,1505.0,614,208320.0,6104,0.8,1.2,1.0,1.0,fixed,12
Plate232-R14-C10,5076,6.4810874704491725,multiply,2.0,528.4982065779075,241.43765578454617,6.486997635933806,-86537.98653648514,6.487391646966115,5068.0364166324,5068.007861395696,2467438616.828008,1605577.6520214125,68353.48699763593,3425.2431048069348,53654.0,3299.5,2080.0,825,269130.0,7710,0.8,1.2,1.0,1.0,fixed,12
Plate232-R15-C21,5010,6.119760479041916,multiply,2.0,546.2661774298762,243.25759947814745,6.095808383233533,-85963.70258028134,6.095808383233533,4994.870971087867,4994.870971087867,2236882039.1468353,1833140.183539051,57134.5005988024,3343.0181636726547,45973.5,3204.0,1385.0,720,342410.0,8570,0.8,1.2,1.0,1.0,fixed,12
Plate234-R02-C05,5061,3.254099980241059,multiply,1.0,467.1236262068128,205.91717772785233,3.244022920371468,-76663.40673801047,3.244615688599091,5011.471196304213,5009.669385578001,51614373.49739636,316920.7866191359,9213.066192452085,1520.0669828097214,7213.0,1438.0,608.0,517,45340.0,3702,0.8,1.2,1.0,1.0,fixed,12
Plate234-R03-C05,5066,3.184761152783261,multiply,1.0,484.2457543076732,211.56625759266146,3.18002368732728,-78454.47807196595,3.1770627714172917,4974.66793031281,4964.923114619542,56643328.76888254,371506.9823863793,9330.756810106594,1542.2070667193052,7366.5,1478.0,53.0,313,50802.0,4102,0.8,1.2,1.0,1.0,fixed,12
Plate234-R03-C15,5069,3.1783389228644703,multiply,1.0,468.12966296319286,209.8010675935696,3.1738015387650425,-77104.72519905603,3.1720260406391794,5001.546772128497,4997.635027388022,56834220.303525016,310394.3254642368,9645.64391398698,1487.8747287433418,7821.0,1437.0,0.0,296,51656.0,3705,0.8,1.2,1.0,1.0,fixed,12
Plate234-R04-C16,5131,3.2395244591697523,multiply,1.0,499.06166526290457,222.18517627241005,3.2451763788735137,-78734.25061272118,3.2447865913077374,5087.2292387206835,5086.875981304492,79705402.4094039,386202.5728653147,11161.40479438706,1616.722471253167,8726.0,1540.0,29.0,315,58558.0,4133,0.8,1.2,1.0,1.0,fixed,12
Plate234-R05-C10,4803,3.7840932750364358,multiply,1.0,445.9593947730399,200.22266850068775,3.783260462211118,-76979.81190039116,3.775556943576931,4279.067042426334,4259.074872556705,305167106.1623845,763270.6517678672,14775.092650426817,1687.5519466999792,9405.0,1510.0,527.0,480,154865.0,6282,0.8,1.2,1.0,1.0,fixed,12
Plate234-R07-C14,5112,6.205399061032864,multiply,1.0,211.42301872517496,92.91296261269781,5.942097026604069,-77181.67660720661,5.939945226917058,4707.933739165182,4682.142568184007,29868701.547563188,264677.3462040586,6701.152190923318,1311.9642018779343,5360.0,1259.5,0.0,248,38074.0,3464,0.8,1.2,1.0,1.0,fixed,12
Plate234-R08-C05,4911,3.2091223783343517,multiply,1.0,407.87284263959384,176.8442893401015,3.2197108531867236,-73492.67680081027,3.2197108531867236,4773.568620793794,4766.556175288684,22670237.439608082,267346.66691765154,5903.963551211566,1308.9138668295664,4561.0,1234.0,0.0,276,31590.0,3464,0.8,1.2,1.0,1.0,fixed,12
Plate234-R08-C09,5096,3.0557299843014127,multiply,1.0,481.78243000256873,207.2855124582584,3.080259026687598,-77433.39921437009,3.0816326530612246,4981.799576938827,4977.4972490565515,43303958.81090366,388982.2445916904,7617.667189952905,1472.1970172684457,5877.0,1393.5,27.0,282,45570.0,4124,0.8,1.2,1.0,1.0,fixed,12
Plate234-R09-C19,4852,3.119126133553174,multiply,1.0,361.54024051803884,159.1269327342408,3.148186314921682,-73279.26104812504,3.14921681780709,4626.03829728004,4612.17886946587,21603799.399876926,241462.14523942926,5268.658697444353,1127.6896125309152,3784.5,1058.0,0.0,92,30243.0,3087,0.8,1.2,1.0,1.0,fixed,12
Plate234-R10-C07,5104,3.227664576802508,multiply,1.0,447.6415563918903,197.45841932742502,3.2211990595611284,-77045.04275549666,3.219239811912226,5027.3537178918405,5022.761162231416,48072197.52143202,320045.0576229592,8336.14145768025,1444.8367946708463,6282.0,1360.5,26.0,292,42233.0,3558,0.8,1.2,1.0,1.0,fixed,12
Plate234-R10-C18,5031,3.0649970184853905,multiply,1.0,339.62418936446176,152.97354085603112,3.051282051282051,-72444.17024582443,3.052077121844564,4935.515678000593,4930.638831532922,19210002.96598615,188317.78686600333,4775.314649175114,1040.947127807593,3400.0,949.0,0.0,188,26275.0,2681,0.8,1.2,1.0,1.0,fixed,12
Plate234-R13-C21,5063,3.3017973533478173,multiply,1.0,415.76724292636237,184.50649039899503,3.3002172624925934,-75781.74680378621,3.3006122852063995,4961.058413927847,4958.147401246364,37639135.58267902,277390.78173169,7666.870827572586,1372.7791823029825,5873.0,1301.0,352.0,427,34942.0,3289,0.8,1.2,1.0,1.0,fixed,12
Plate234-R14-C07,4961,3.262850231808103,multiply,1.0,453.25829369246924,196.92493976647927,3.274742995363838,-75345.78877052442,3.2745414231001813,4843.863524027237,4836.923754633175,41795523.1059919,324795.7073079699,8008.210239870994,1478.9139286434186,6310.0,1404.0,407.0,446,40426.0,3657,0.8,1.2,1.0,1.0,fixed,12
Plate234-R15-C10,5112,3.189749608763693,multiply,1.0,277.3584570096897,122.47105359990188,3.1823161189358373,-71576.33518289676,3.18329420970266,4937.3474502445915,4921.956119340342,5739198.213337154,115500.63924808991,2952.4483568075116,884.7040297339593,2280.5,837.0,0.0,190,15644.0,2241,0.8,1.2,1.0,1.0,fixed,12
Plate234-R16-C14,4974,7.032167269802976,multiply,2.0,104.56890045171251,48.068328663731485,6.7780458383594695,-75296.00426547788,6.788500201045436,4686.051407230705,4674.36084066985,22328304.60334673,80477.75337530344,6128.872738238842,735.3459991958183,4843.5,706.0,0.0,212,32226.0,1925,0.8,1.2,1.0,1.0,fixed,12
